{
    "item.sophisticatedcore.storage.tooltip.right_click_to_add_to_storage": "Клацніть ПКМ, щоб додати",
    "item.sophisticatedcore.storage.tooltip.stack_multiplier": "Множник розміру стаку: %s",
    "item.sophisticatedcore.storage.tooltip.energy": "%s FE",
    "item.sophisticatedcore.storage.tooltip.fluid": "%s mB %s",
    "item.sophisticatedcore.storage.tooltip.fluid_empty": "Порожній резервуар",
    "item.sophisticatedcore.storage.tooltip.upgrades": "Покращення",
    "item.sophisticatedcore.storage.tooltip.inventory": "Інвентар",
    "item.sophisticatedcore.storage.tooltip.empty": "Без оновлень або вмісту інвентарю",
    "item.sophisticatedcore.storage.tooltip.press_for_contents": "Натисніть <%s>, щоб переглянути вміст",
    "item.sophisticatedcore.storage.tooltip.shift": "Лівий Shift",
    "gui.sophisticatedcore.settings.no_sort": "Не сортувати",
    "gui.sophisticatedcore.settings.no_sort.tooltip": "Налаштування слоту «Не сортувати»",
    "gui.sophisticatedcore.settings.no_sort.tooltip_detail": "Дозволяє вибирати слоти, які ігноруються під час сортування\nВідкрийте вкладку, щоб змінити налаштування слота",
    "gui.sophisticatedcore.settings.no_sort.tooltip_open_detail": "Дозволяє вибирати слоти, які ігноруються під час сортування\nВибрати все / Скасувати вибір = кнопки\nВибрати слот = ЛКМ/перетягніть\nСкасувати вибір = ПКМ/перетягніть",
    "gui.sophisticatedcore.settings.memory": "Пам'ять",
    "gui.sophisticatedcore.settings.memory.tooltip": "Налаштування слоту «Пам'ять»",
    "gui.sophisticatedcore.settings.memory.tooltip_detail": "Дозволяє вибирати слоти, які запам’ятовують свій вміст і дозволяють у них лише відповідні стаки\nВідкрийте вкладку, щоб змінити налаштування слота",
    "gui.sophisticatedcore.settings.memory.tooltip_open_detail": "Дозволяє вибирати слоти, які запам’ятовують свій вміст і дозволяють у них лише відповідні стеки\n Відкрити вкладку, щоб змінити налаштування слота\nВибрати все / Скасувати вибір = кнопки\nВибрати слот = ЛКМ/перетягніть\nСкасувати вибір = ПКМ/перетягніть",
    "gui.sophisticatedcore.settings.item_display": "Екран",
    "gui.sophisticatedcore.settings.item_display.tooltip": "Налаштування екрану предметів",
    "gui.sophisticatedcore.settings.item_display.tooltip_detail": "Дозволяє вибрати слот, який використовуватиметься для показу свого предмета поверх сховища",
    "gui.sophisticatedcore.settings.item_display.tooltip_open_detail": "Дозволяє вибрати слот, який використовуватиметься для показу свого предмета поверх сховища\nВибрати слот = ЛКМ/перетягніть\nСкасувати вибір = ПКМ/перетягніть",
    "gui.sophisticatedcore.upgrades.pickup": "Pickup",
    "gui.sophisticatedcore.upgrades.advanced_pickup": "Прос. Збір",
    "gui.sophisticatedcore.upgrades.filter": "Фільтр",
    "gui.sophisticatedcore.upgrades.advanced_filter": "Прос. Фільтр",
    "gui.sophisticatedcore.upgrades.magnet": "Магніт",
    "gui.sophisticatedcore.upgrades.advanced_magnet": "Прос. Магніт",
    "gui.sophisticatedcore.upgrades.feeding": "Годування",
    "gui.sophisticatedcore.upgrades.advanced_feeding": "Прос. Годування",
    "gui.sophisticatedcore.upgrades.compacting": "Компа...",
    "gui.sophisticatedcore.upgrades.void": "Погл...",
    "gui.sophisticatedcore.upgrades.advanced_void": "Прос. Погл...",
    "gui.sophisticatedcore.upgrades.advanced_compacting": "Прос. Комп...",
    "gui.sophisticatedcore.upgrades.smelting": "Виплавка",
    "gui.sophisticatedcore.upgrades.auto_smelting": "Авто-виплавка",
    "gui.sophisticatedcore.upgrades.smoking": "Коптіння",
    "gui.sophisticatedcore.upgrades.auto_smoking": "Авто-коптіння",
    "gui.sophisticatedcore.upgrades.blasting": "Плавлення",
    "gui.sophisticatedcore.upgrades.auto_blasting": "Авто-плавлення",
    "gui.sophisticatedcore.upgrades.crafting": "Створення",
    "gui.sophisticatedcore.upgrades.stonecutter": "Каменеріз",
    "gui.sophisticatedcore.upgrades.jukebox": "Програвач",
    "gui.sophisticatedcore.upgrades.tank": "Резервуар",
    "gui.sophisticatedcore.upgrades.pump": "Помпа",
    "gui.sophisticatedcore.upgrades.advanced_pump": "Прос. Помпа",
    "gui.sophisticatedcore.upgrades.xp_pump": "Помпа досв.",
    "gui.sophisticatedcore.upgrades.battery": "Батарея",
    "gui.sophisticatedcore.upgrades.pickup.tooltip": "Налаштування збору",
    "gui.sophisticatedcore.upgrades.advanced_pickup.tooltip": "Налаштування прос. збору",
    "gui.sophisticatedcore.upgrades.filter.tooltip": "Налаштування фільтру",
    "gui.sophisticatedcore.upgrades.advanced_filter.tooltip": "Налаштування прос. фільтру",
    "gui.sophisticatedcore.upgrades.magnet.tooltip": "Налаштування магніту",
    "gui.sophisticatedcore.upgrades.advanced_magnet.tooltip": "Налаштування прос. магніту",
    "gui.sophisticatedcore.upgrades.feeding.tooltip": "Налаштування годування",
    "gui.sophisticatedcore.upgrades.advanced_feeding.tooltip": "Налаштування прос. годування",
    "gui.sophisticatedcore.upgrades.compacting.tooltip": "Налаштування компактності",
    "gui.sophisticatedcore.upgrades.advanced_compacting.tooltip": "Налаштування прос. компактності",
    "gui.sophisticatedcore.upgrades.void.tooltip": "Налаштування поглинання",
    "gui.sophisticatedcore.upgrades.advanced_void.tooltip": "Налаштування прос. поглинання",
    "gui.sophisticatedcore.upgrades.smelting.tooltip": "Виплавка",
    "gui.sophisticatedcore.upgrades.auto_smelting.tooltip": "Авто-виплавка",
    "gui.sophisticatedcore.upgrades.smoking.tooltip": "Коптіння",
    "gui.sophisticatedcore.upgrades.auto_smoking.tooltip": "Авто-коптіння",
    "gui.sophisticatedcore.upgrades.blasting.tooltip": "Плавлення",
    "gui.sophisticatedcore.upgrades.auto_blasting.tooltip": "Авто-плавлення",
    "gui.sophisticatedcore.upgrades.crafting.tooltip": "Створення",
    "gui.sophisticatedcore.upgrades.stonecutter.tooltip": "Каменеріз",
    "gui.sophisticatedcore.upgrades.jukebox.tooltip": "Програвач",
    "gui.sophisticatedcore.upgrades.tank.tooltip": "Резервуар",
    "gui.sophisticatedcore.upgrades.pump.tooltip": "Помпа",
    "gui.sophisticatedcore.upgrades.advanced_pump.tooltip": "Прос. Помпа",
    "gui.sophisticatedcore.upgrades.xp_pump.tooltip": "Помпа досвіду",
    "gui.sophisticatedcore.upgrades.tank.contents_tooltip": "%s mB з %s mB",
    "gui.sophisticatedcore.upgrades.tank.xp_contents_tooltip": "%s з %s xp рівнів",
    "gui.sophisticatedcore.upgrades.battery.tooltip": "Батарея",
    "gui.sophisticatedcore.upgrades.battery.contents_tooltip": "%s FE з %s FE",
    "gui.sophisticatedcore.upgrades.buttons.allow": "Дозволити",
    "gui.sophisticatedcore.upgrades.buttons.block": "Заблокувати",
    "gui.sophisticatedcore.upgrades.buttons.match_durability": "Відповідати міцності",
    "gui.sophisticatedcore.upgrades.buttons.ignore_durability": "Ігнорувати міцність",
    "gui.sophisticatedcore.upgrades.buttons.match_nbt": "Відповідати NBT",
    "gui.sophisticatedcore.upgrades.buttons.ignore_nbt": "Ігнорувати NBT",
    "gui.sophisticatedcore.upgrades.buttons.match_mod": "Відповідати моду",
    "gui.sophisticatedcore.upgrades.buttons.match_item": "Відповідати предмету",
    "gui.sophisticatedcore.upgrades.buttons.match_tags": "Відповідати тегу",
    "gui.sophisticatedcore.upgrades.tag_list.title": "Теги",
    "gui.sophisticatedcore.upgrades.tag_list.empty": "Не обрано теги",
    "gui.sophisticatedcore.upgrades.tag_list.tag_overflow": "+ %s більше",
    "gui.sophisticatedcore.upgrades.buttons.add_tag": "Додати тег",
    "gui.sophisticatedcore.upgrades.buttons.add_tag.no_item": "<- Клацніть предмет у слот, щоб почати додавати його теги",
    "gui.sophisticatedcore.upgrades.buttons.add_tag.no_additional_tags": "Усі теги предмета вже додано",
    "gui.sophisticatedcore.upgrades.buttons.add_tag.controls": "Прокрутіть, щоб вибрати, натисніть, щоб додати",
    "gui.sophisticatedcore.upgrades.buttons.remove_tag": "Видалити тег",
    "gui.sophisticatedcore.upgrades.buttons.remove_tag.empty": "Нема тегів для видалення",
    "gui.sophisticatedcore.upgrades.buttons.remove_tag.controls": "Прокрутіть, щоб вибрати, натисніть, щоб видалити",
    "gui.sophisticatedcore.upgrades.buttons.match_any_tag": "Відповідати будь-якому тегу",
    "gui.sophisticatedcore.upgrades.buttons.match_all_tags": "Відповідати всім тегам",
    "gui.sophisticatedcore.upgrades.buttons.direction_both": "Вхід та Вихід",
    "gui.sophisticatedcore.upgrades.buttons.direction_input": "Вхід",
    "gui.sophisticatedcore.upgrades.buttons.direction_output": "Вихід",
    "gui.sophisticatedcore.upgrades.buttons.compact_only_uncraftable": "Комплектувати тільки ті, що можна розібрати",
    "gui.sophisticatedcore.upgrades.buttons.compact_anything": "Комплектувати все",
    "gui.sophisticatedcore.upgrades.buttons.works_in_gui": "Також працює в GUI",
    "gui.sophisticatedcore.upgrades.buttons.only_automatic": "Працює лише з іншими покращеннями/автоматизацією",
    "gui.sophisticatedcore.upgrades.buttons.play": "Пуск",
    "gui.sophisticatedcore.upgrades.buttons.stop": "Павза",
    "gui.sophisticatedcore.upgrades.buttons.hunger_level_any": "Годувати, щойно гравець трохи зголодніє,\nвитрачає чимало балів голоду в їжі",
    "gui.sophisticatedcore.upgrades.buttons.hunger_level_half": "Годувати лише тоді, коли гравець настільки голодний,\nщоб витрачати щонайбільше половину балів голоду їжі",
    "gui.sophisticatedcore.upgrades.buttons.hunger_level_full": "Годувати лише тоді, коли гравець настільки голодний,\nщоб взагалі не витрачати жодних балів голоду в їжі",
    "gui.sophisticatedcore.upgrades.buttons.feed_immediately_when_hurt": "Негайно нагодуйте гравця, якщо його поранили\nІгнорує налаштування голоду, коли гравець не має максимального рівня здоров’я",
    "gui.sophisticatedcore.upgrades.buttons.do_not_consider_health": "Не зважати на здоров'я\nІгнорує здоров'я гравця та годує лише на основі налаштування голоду",
    "gui.sophisticatedcore.upgrades.buttons.pickup_items": "Підіймати предмети",
    "gui.sophisticatedcore.upgrades.buttons.do_not_pickup_items": "Не підіймати предмети",
    "gui.sophisticatedcore.upgrades.buttons.pickup_xp": "Підіймати досвід",
    "gui.sophisticatedcore.upgrades.buttons.pickup_xp.detail": "Потребує покращення «Резервуар»",
    "gui.sophisticatedcore.upgrades.buttons.do_not_pickup_xp": "Не підіймати досвід",
    "gui.sophisticatedcore.upgrades.buttons.pump_input": "Вхід",
    "gui.sophisticatedcore.upgrades.buttons.pump_output": "Вихід",
    "gui.sophisticatedcore.upgrades.buttons.void_overflow": "Надлишок поглинання",
    "gui.sophisticatedcore.upgrades.buttons.void_overflow.detail": "Дозволяє заповнити предметом один слот і\nанулює все, що переповнюється",
    "gui.sophisticatedcore.upgrades.buttons.void_anything_disabled": "Опція «Поглинати будь-що» вимкнута",
    "gui.sophisticatedcore.upgrades.buttons.void_any": "Поглинати будь-який",
    "gui.sophisticatedcore.upgrades.buttons.interact_with_world": "Взаємодіяти зі світом",
    "gui.sophisticatedcore.upgrades.buttons.do_not_interact_with_world": "Не взаємодіяти зі світом",
    "gui.sophisticatedcore.upgrades.buttons.interact_with_hand": "Взаємодіяти з\nрідинним контейнером у руці",
    "gui.sophisticatedcore.upgrades.buttons.do_not_interact_with_hand": "Не взаємодіяти з\nрідинним контейнером у руці",
    "gui.sophisticatedcore.upgrades.buttons.xp_pump_input": "Викачувати досвід з гравця",
    "gui.sophisticatedcore.upgrades.buttons.xp_pump_output": "Перекачувати досвід гравцю",
    "gui.sophisticatedcore.upgrades.buttons.xp_pump_off": "Помпа вимк.",
    "gui.sophisticatedcore.upgrades.buttons.store_all_experience": "Зберігати весь досвід",
    "gui.sophisticatedcore.upgrades.buttons.take_all_experience": "Забрати весь досвід",
    "gui.sophisticatedcore.upgrades.buttons.store_levels": "Зберігає %s рівнів",
    "gui.sophisticatedcore.upgrades.buttons.store_levels.controls": "Прокрутіть, щоб змінити кількість # рівнів",
    "gui.sophisticatedcore.upgrades.buttons.take_levels": "Забрати %s рівнів",
    "gui.sophisticatedcore.upgrades.buttons.take_levels.controls": "Прокрутіть, щоб змінити кількість # рівнів",
    "gui.sophisticatedcore.upgrades.buttons.mend_items": "Відновлювати предмети з Ремонтом",
    "gui.sophisticatedcore.upgrades.buttons.do_not_mend_items": "Не відновлювати предмети",
    "gui.sophisticatedcore.upgrades.controls.xp_level_select": "%s рівнів",
    "gui.sophisticatedcore.upgrades.controls.xp_level_select.tooltip": "Рівень, на якому помпа спиняється",
    "gui.sophisticatedcore.upgrades.controls.xp_level_select.tooltip.controls": "Прокрутіть, щоб змінити",
    "gui.sophisticatedcore.upgrades.slots.tank_output.tooltip": "Вихід",
    "gui.sophisticatedcore.upgrades.slots.tank_input.tooltip": "Вхід",
    "gui.sophisticatedcore.upgrades.slots.battery_output.tooltip": "Вихід",
    "gui.sophisticatedcore.upgrades.slots.battery_input.tooltip": "Вхід",
    "gui.sophisticatedcore.buttons.sort_by_name": "За ім'ям",
    "gui.sophisticatedcore.buttons.sort_by_count": "За кількістю",
    "gui.sophisticatedcore.buttons.sort_by_tags": "За тегами",
    "gui.sophisticatedcore.buttons.sort_action": "Відсортувати інвентар",
    "gui.sophisticatedcore.settings.buttons.select_all_slots": "Вибрати всі слоти",
    "gui.sophisticatedcore.settings.buttons.unselect_all_slots": "Скасувати вибір усіх слотів",
    "gui.sophisticatedcore.settings.buttons.rotate": "Крутити",
    "gui.sophisticatedcore.settings.buttons.rotate_detail": "За годинниковою стрілкою = ЛКМ\nПроти - ПКМ",
    "gui.sophisticatedcore.settings.buttons.toggle_color": "Змінити колір",
    "gui.sophisticatedcore.settings.buttons.toggle_color_detail": "Натупн. = ЛКМ\nПопередн. = ПКМ",
    "gui.sophisticatedcore.settings.buttons.context_player": "Гравець",
    "gui.sophisticatedcore.settings.buttons.context_player.tooltip": "Налаштування рівня гравця",
    "gui.sophisticatedcore.settings.buttons.context_player.tooltip_detail": "Застосовувати до всіх рюкзаків/сховищ, якщо не перевизначений",
    "gui.sophisticatedcore.settings.buttons.shift_click_open_tab.on": "Shift+Клац спочатку у відкриту вкладку",
    "gui.sophisticatedcore.settings.buttons.shift_click_open_tab.off": "Shift+Клац спочатку до інвентарю гравця",
    "gui.sophisticatedcore.settings.buttons.shift_click_open_tab.on.tooltip": "Shift+Клац зі сховища/інвентарю, щоб спочатку спробувати помістити стек у відкриту вкладку, а потім у інвентар/сховище.",
    "gui.sophisticatedcore.settings.buttons.shift_click_open_tab.off.tooltip": "Shift+Клац зі сховища/інвентарю спочатку спробує помістити стек в інвентар/сховище, а потім у відкриту вкладку.",
    "gui.sophisticatedcore.settings.buttons.keep_tab_open.on": "Залишати вкладку відкритою: УВІМК",
    "gui.sophisticatedcore.settings.buttons.keep_tab_open.off": "Залишати вкладку відкритою: ВИМК",
    "gui.sophisticatedcore.settings.buttons.keep_tab_open.on.tooltip": "Після закриття графічного інтерфейсу рюкзак/сховище записує, яка вкладка покращення була відкрита востаннє, і відкриває її, коли графічний інтерфейс буде відкрито наступного разу",
    "gui.sophisticatedcore.settings.buttons.keep_tab_open.off.tooltip": "Вкладка «Відкрити покращення» закривається, коли закривається графічний інтерфейс рюкзака/сховища, а коли наступного разу відкривається інтерфейс, усі вкладки закриті",
    "gui.sophisticatedcore.error.remove.stack_low_multiplier": "Існує принаймні один слот або покращення, для якого потрібен множник, вищий за %s",
    "gui.sophisticatedcore.error.add.needs_occupied_inventory_slots": "Є предмет принаймні в одному з останніх %s слотів, необхідних для %s",
    "gui.sophisticatedcore.error.add.two_tank_upgrades_present": "В інших слотах для покращення вже є два покращення «Резервуар»",
    "gui.sophisticatedcore.error.add.tank_capacity_high": "Рюкзак не підтримує це покращення «Резервуар». Оновіть рюкзак або додайте множник стаку, щоб отримати принаймні на %sx більшу місткість",
    "gui.sophisticatedcore.error.add.battery_energy_high": "Рюкзак не підтримує це покращення «Батарея». Оновіть рюкзак або додайте множник стаку, щоб отримати принаймні на %sx більше максимальної енергії",
    "gui.sophisticatedcore.error.add.battery_exists": "Покращення батареї вже є в іншому слоті покращення",
    "gui.sophisticatedcore.narrate.tab_button": "Кнопка відкриття/закриття вкладки покращення",
    "gui.sophisticatedcore.narrate.context_button": "Перемикач контексту встановлено на: %s",
    "gui.sophisticatedcore.narrate.context_button.usage": "Натисніть, щоб перемкнути контекст",
    "fluid.sophisticatedcore.xp_still": "Досвід",
    "gui.sophisticatedcore.tooltip.stack_count": "Кільк.: %s"
}