{
    "credit": "Made with Blockbench",
    "texture_size": [32, 32],
    "textures": {
        "particle": "sophisticatedbackpacks:block/backpack_cloth",
        "cloth": "sophisticatedbackpacks:block/backpack_cloth",
        "border": "sophisticatedbackpacks:block/backpack_border",
        "clips": "sophisticatedbackpacks:block/leather_clips"
    },
    "elements": [
        {
            "name": "pouch",
            "from": [2, 7, 5.5],
            "to": [3, 11, 10.5],
            "rotation": {"angle": 0, "axis": "y", "origin": [2, 6, 5.5]},
            "faces": {
                "north": {"uv": [13.5, 6.5, 14, 8.5], "texture": "#cloth", "tintindex": 0},
                "south": {"uv": [15.5, 6.5, 16, 8.5], "texture": "#cloth", "tintindex": 0},
                "west": {"uv": [13.5, 6.5, 16, 8.5], "texture": "#cloth", "tintindex": 0},
                "up": {"uv": [13.5, 6.5, 16, 7], "rotation": 90, "texture": "#cloth", "tintindex": 0},
                "down": {"uv": [13.5, 8, 16, 8.5], "rotation": 270, "texture": "#cloth", "tintindex": 0}
            }
        },
        {
            "name": "clip",
            "from": [1.75, 8, 7.5],
            "to": [2, 10, 8.5],
            "rotation": {"angle": 0, "axis": "y", "origin": [1, 8, 7.5]},
            "faces": {
                "north": {"uv": [0.5, 7, 1, 8], "texture": "#clips"},
                "south": {"uv": [0.5, 7, 1, 8], "texture": "#clips"},
                "west": {"uv": [0.5, 7, 1, 8], "texture": "#clips"},
                "up": {"uv": [0.5, 7, 1, 7.5], "texture": "#clips"},
                "down": {"uv": [0.5, 7.5, 1, 8], "texture": "#clips"}
            }
        },
        {
            "name": "opening",
            "from": [2, 9, 5.5],
            "to": [4, 10, 10.5],
            "rotation": {"angle": 0, "axis": "y", "origin": [16, 0, 0]},
            "faces": {
                "north": {"uv": [6, 1.5, 7, 2], "texture": "#clips"},
                "south": {"uv": [7, 1.5, 6, 2], "texture": "#clips"},
                "west": {"uv": [8.5, 0, 6, 0.5], "texture": "#clips"}
            }
        },
        {
            "name": "top",
            "from": [1, 2, 5.5],
            "to": [3, 6, 10.5],
            "rotation": {"angle": 0, "axis": "y", "origin": [2, 0, 5.5]},
            "faces": {
                "north": {"uv": [8, 7.5, 9, 9.5], "texture": "#cloth", "tintindex": 0},
                "south": {"uv": [8, 9.5, 9, 11.5], "texture": "#cloth", "tintindex": 0},
                "west": {"uv": [9, 5, 11.5, 7], "texture": "#cloth", "tintindex": 0},
                "up": {"uv": [8, 5, 9, 7.5], "texture": "#cloth", "tintindex": 0}
            }
        },
        {
            "name": "trim",
            "from": [1, 1, 5.5],
            "to": [3, 2, 10.5],
            "rotation": {"angle": 0, "axis": "y", "origin": [2, -1, 5.5]},
            "faces": {
                "north": {"uv": [4, 6, 5, 6.5], "texture": "#border", "tintindex": 1},
                "south": {"uv": [5, 6.5, 4, 7], "texture": "#border", "tintindex": 1},
                "west": {"uv": [3, 2.5, 0.5, 3], "texture": "#border", "tintindex": 1}
            }
        },
        {
            "name": "bottom",
            "from": [1, 0, 5.5],
            "to": [3, 1, 10.5],
            "rotation": {"angle": 0, "axis": "y", "origin": [2, -2, 5.5]},
            "faces": {
                "north": {"uv": [9, 7.5, 10, 8], "texture": "#cloth", "tintindex": 0},
                "south": {"uv": [10, 7.5, 11, 8], "texture": "#cloth", "tintindex": 0},
                "west": {"uv": [9, 7, 11.5, 7.5], "texture": "#cloth", "tintindex": 0},
                "down": {"uv": [9, 8, 10, 10.5], "texture": "#cloth", "cullface": "down", "tintindex": 0}
            }
        },
        {
            "name": "clip",
            "from": [0.75, 3, 7.5],
            "to": [1, 5, 8.5],
            "rotation": {"angle": 0, "axis": "y", "origin": [1, 8, 7.5]},
            "faces": {
                "north": {"uv": [0.5, 8, 1, 9], "texture": "#clips"},
                "south": {"uv": [0.5, 8, 1, 9], "texture": "#clips"},
                "west": {"uv": [0.5, 8, 1, 9], "texture": "#clips"},
                "up": {"uv": [0.5, 8, 1, 8.5], "texture": "#clips"},
                "down": {"uv": [0.5, 8.5, 1, 9], "texture": "#clips"}
            }
        },
        {
            "name": "opening",
            "from": [1, 4, 5.5],
            "to": [3, 5, 10.5],
            "rotation": {"angle": 0, "axis": "y", "origin": [16, 0, 0]},
            "faces": {
                "north": {"uv": [6, 1.5, 7, 2], "texture": "#clips"},
                "south": {"uv": [7, 1.5, 6, 2], "texture": "#clips"},
                "west": {"uv": [8.5, 0, 6, 0.5], "texture": "#clips"}
            }
        }
    ],
    "groups": [
        {
            "name": "right-top-pouch",
            "origin": [1, 8, 7.5],
            "children": [0, 1, 2]
        },
        {
            "name": "right-bottom-pouch",
            "origin": [1, 8, 7.5],
            "children": [3, 4, 5, 6, 7]
        }
    ]
}