{
    "credit": "Made with Blockbench",
    "texture_size": [32, 32],
    "textures": {
        "particle": "sophisticatedbackpacks:block/backpack_cloth",
        "border": "sophisticatedbackpacks:block/backpack_border",
        "modules": "sophisticatedbackpacks:block/backpack_modules"
    },
    "elements": [
        {
            "name": "back",
            "from": [12.5, 1.5, 6],
            "to": [13.5, 7.5, 10],
            "rotation": {"angle": 0, "axis": "y", "origin": [16, 0, 0]},
            "faces": {
                "north": {"uv": [2.5, 5.5, 2, 8.5], "texture": "#modules"},
                "east": {"uv": [2, 5.5, 0, 8.5], "texture": "#modules"},
                "south": {"uv": [3, 5.5, 2.5, 8.5], "texture": "#modules"},
                "west": {"uv": [5, 5, 3, 9], "texture": "#modules"},
                "up": {"uv": [5.5, 5, 5, 7], "texture": "#modules"},
                "down": {"uv": [5.5, 7, 5, 9], "texture": "#modules"}
            }
        },
        {
            "name": "cap",
            "from": [12.5, 10.5, 6.5],
            "to": [15.5, 11.5, 9.5],
            "rotation": {"angle": 0, "axis": "y", "origin": [16, 0, 0]},
            "faces": {
                "north": {"uv": [8, 6.5, 6.5, 7], "texture": "#modules"},
                "east": {"uv": [8, 7, 6.5, 7.5], "texture": "#modules"},
                "south": {"uv": [8.5, 5, 8, 6.5], "rotation": 90, "texture": "#modules"},
                "west": {"uv": [8, 9, 6.5, 9.5], "texture": "#modules"},
                "up": {"uv": [8, 5, 6.5, 6.5], "texture": "#modules"},
                "down": {"uv": [8, 7.5, 6.5, 9], "texture": "#modules"}
            }
        },
        {
            "name": "cap-bottom",
            "from": [13, 9.5, 6],
            "to": [16, 10.5, 10],
            "rotation": {"angle": 0, "axis": "y", "origin": [16, 0, 0]},
            "faces": {
                "north": {"uv": [3.5, 13.5, 2, 14], "texture": "#modules"},
                "east": {"uv": [2, 12, 0, 12.5], "texture": "#modules"},
                "south": {"uv": [3.5, 12, 2, 12.5], "texture": "#modules"},
                "west": {"uv": [2, 13.5, 0, 15], "texture": "#modules"},
                "up": {"uv": [5, 12, 3.5, 14], "texture": "#modules"},
                "down": {"uv": [6.5, 12, 5, 14], "texture": "#modules"}
            }
        },
        {
            "name": "trim",
            "from": [13, 8.5, 6],
            "to": [16, 9.5, 10],
            "rotation": {"angle": 0, "axis": "y", "origin": [16, 0, 0]},
            "faces": {
                "north": {"uv": [7.5, 2, 6, 2.5], "texture": "#border", "tintindex": 1},
                "east": {"uv": [8, 2.5, 6, 3], "texture": "#border", "tintindex": 1},
                "south": {"uv": [7.5, 3, 6, 3.5], "texture": "#border", "tintindex": 1},
                "west": {"uv": [2, 13.5, 0, 15], "texture": "#border", "tintindex": 1},
                "up": {"uv": [5, 12, 3.5, 14], "texture": "#border", "tintindex": 1},
                "down": {"uv": [6.5, 12, 5, 14], "texture": "#border", "tintindex": 1}
            }
        },
        {
            "name": "top",
            "from": [13, 7.5, 6],
            "to": [16, 8.5, 10],
            "rotation": {"angle": 0, "axis": "y", "origin": [16, 0, 0]},
            "faces": {
                "north": {"uv": [3.5, 14.5, 2, 15], "texture": "#modules"},
                "east": {"uv": [2, 13, 0, 13.5], "texture": "#modules"},
                "south": {"uv": [3.5, 13, 2, 13.5], "texture": "#modules"},
                "west": {"uv": [2, 13.5, 0, 15], "texture": "#modules"},
                "up": {"uv": [5, 12, 3.5, 14], "texture": "#modules"},
                "down": {"uv": [6.5, 12, 5, 14], "texture": "#modules"}
            }
        },
        {
            "name": "bottom",
            "from": [13, 0.5, 6],
            "to": [16, 1.5, 10],
            "rotation": {"angle": 0, "axis": "y", "origin": [16, 0, 0]},
            "faces": {
                "north": {"uv": [1.5, 11, 0, 11.5], "texture": "#modules"},
                "east": {"uv": [3.5, 9, 1.5, 9.5], "texture": "#modules"},
                "south": {"uv": [1.5, 11.5, 0, 12], "texture": "#modules"},
                "west": {"uv": [3.5, 9.5, 1.5, 10], "texture": "#modules"},
                "up": {"uv": [1.5, 9, 0, 11], "texture": "#modules"},
                "down": {"uv": [3, 10, 1.5, 12], "texture": "#modules"}
            }
        },
        {
            "name": "front-glass",
            "from": [15.5, 1.5, 6.5],
            "to": [15.5, 7.5, 9.5],
            "rotation": {"angle": 0, "axis": "y", "origin": [16, 0, 0]},
            "faces": {
                "north": {"uv": [4.5, 0, 2.5, 5], "texture": "#modules"},
                "east": {"uv": [2.5, 0, 0, 5], "texture": "#modules"},
                "south": {"uv": [6.5, 0, 4.5, 5], "texture": "#modules"},
                "west": {"uv": [0, 0, 2.5, 5], "texture": "#modules"},
                "up": {"uv": [8.5, 0, 6.5, 2.5], "texture": "#modules"},
                "down": {"uv": [8.5, 2.5, 6.5, 5], "texture": "#modules"}
            }
        },
        {
            "name": "left-glass",
            "from": [13.5, 1.5, 9.5],
            "to": [15.5, 7.5, 9.5],
            "rotation": {"angle": 0, "axis": "y", "origin": [16, 0, 0]},
            "faces": {
                "north": {"uv": [4.5, 0, 6.5, 5], "texture": "#modules"},
                "east": {"uv": [2.5, 0, 0, 5], "texture": "#modules"},
                "south": {"uv": [6.5, 0, 4.5, 5], "texture": "#modules"},
                "west": {"uv": [2.5, 0, 0, 5], "texture": "#modules"},
                "up": {"uv": [8.5, 0, 6.5, 2.5], "texture": "#modules"},
                "down": {"uv": [8.5, 2.5, 6.5, 5], "texture": "#modules"}
            }
        },
        {
            "name": "right-glass",
            "from": [13.5, 1.5, 6.5],
            "to": [15.5, 7.5, 6.5],
            "rotation": {"angle": 0, "axis": "y", "origin": [16, 0, 0]},
            "faces": {
                "north": {"uv": [4.5, 0, 2.5, 5], "texture": "#modules"},
                "east": {"uv": [2.5, 0, 0, 5], "texture": "#modules"},
                "south": {"uv": [2.5, 0, 4.5, 5], "texture": "#modules"},
                "west": {"uv": [2.5, 0, 0, 5], "texture": "#modules"},
                "up": {"uv": [8.5, 0, 6.5, 2.5], "texture": "#modules"},
                "down": {"uv": [8.5, 2.5, 6.5, 5], "texture": "#modules"}
            }
        }
    ],
    "groups": [
        {
            "name": "left-tank",
            "origin": [16, 0, 0],
            "children": [0, 1, 2, 3, 4, 5, 6, 7, 8]
        }
    ]
}