{
    "credit": "Made with Blockbench",
    "texture_size": [32, 32],
    "textures": {
        "particle": "sophisticatedbackpacks:block/backpack_cloth",
        "cloth": "sophisticatedbackpacks:block/backpack_cloth",
        "border": "sophisticatedbackpacks:block/backpack_border",
        "clips": "sophisticatedbackpacks:block/leather_clips"
    },
    "elements": [
        {
            "name": "top",
            "from": [4, 2, 3],
            "to": [12, 6, 5],
            "rotation": {"angle": 0, "axis": "y", "origin": [11, 0, 4]},
            "faces": {
                "north": {"uv": [12, 0, 16, 2], "texture": "#cloth", "tintindex": 0},
                "east": {"uv": [12, 3, 13, 5], "texture": "#cloth", "tintindex": 0},
                "west": {"uv": [13, 3, 14, 5], "texture": "#cloth", "tintindex": 0},
                "up": {"uv": [12, 2, 16, 3], "texture": "#cloth", "tintindex": 0}
            }
        },
        {
            "name": "trim",
            "from": [4, 1, 3],
            "to": [12, 2, 5],
            "rotation": {"angle": 0, "axis": "y", "origin": [11, -1, 4]},
            "faces": {
                "north": {"uv": [0, 6.5, 4, 7], "texture": "#border", "tintindex": 1},
                "east": {"uv": [4, 6, 5, 6.5], "texture": "#border", "tintindex": 1},
                "west": {"uv": [4, 6.5, 5, 7], "texture": "#border", "tintindex": 1}
            }
        },
        {
            "name": "bottom",
            "from": [4, 0, 3],
            "to": [12, 1, 5],
            "rotation": {"angle": 0, "axis": "y", "origin": [11, -2, 4]},
            "faces": {
                "north": {"uv": [12, 5, 16, 5.5], "texture": "#cloth", "tintindex": 0},
                "east": {"uv": [14, 3, 15, 3.5], "texture": "#cloth", "tintindex": 0},
                "west": {"uv": [15, 3, 16, 3.5], "texture": "#cloth", "tintindex": 0},
                "down": {"uv": [12, 5.5, 16, 6.5], "texture": "#cloth", "cullface": "down", "tintindex": 0}
            }
        },
        {
            "name": "left-clip",
            "from": [10, 3, 2.75],
            "to": [11, 5, 3],
            "rotation": {"angle": 0, "axis": "y", "origin": [10, 3, 2]},
            "faces": {
                "north": {"uv": [0, 8, 0.5, 9], "texture": "#clips"},
                "east": {"uv": [0, 8, 0.5, 9], "texture": "#clips"},
                "west": {"uv": [0, 8, 0.5, 9], "texture": "#clips"},
                "up": {"uv": [0, 8, 0.5, 8.5], "texture": "#clips"},
                "down": {"uv": [0, 8.5, 0.5, 9], "texture": "#clips"}
            }
        },
        {
            "name": "right-clip",
            "from": [5, 3, 2.75],
            "to": [6, 5, 3],
            "rotation": {"angle": 0, "axis": "y", "origin": [5, 3, 2]},
            "faces": {
                "north": {"uv": [0.5, 8, 1, 9], "texture": "#clips"},
                "east": {"uv": [0.5, 8, 1, 9], "texture": "#clips"},
                "west": {"uv": [0.5, 8, 1, 9], "texture": "#clips"},
                "up": {"uv": [0.5, 8, 1, 8.5], "texture": "#clips"},
                "down": {"uv": [0.5, 8.5, 1, 9], "texture": "#clips"}
            }
        },
        {
            "name": "opening",
            "from": [4, 4, 3],
            "to": [12, 5, 5],
            "faces": {
                "north": {"uv": [6, 0.5, 10, 1], "texture": "#clips"},
                "east": {"uv": [6, 1.5, 7, 2], "texture": "#clips"},
                "west": {"uv": [6, 1.5, 7, 2], "texture": "#clips"}
            }
        }
    ],
    "groups": [
        {
            "name": "front-pouch",
            "origin": [11, -2, 4],
            "children": [0, 1, 2, 3, 4, 5]
        }
    ]
}